iso,name
AO,అంగోలా
AQ,అంటార్కటికా
AZ,అజర్బైజాన్
AD,అన్డోరా
AS,"అమెరికన్ సమోవా"
AW,అరుబా
DZ,అల్జీరియా
AL,అల్బేనియా
AI,ఆంగవిల్లా
AG,"ఆంటిగ్వా మరియు బార్బుడా"
AF,ఆఫ్ఘానిస్తాన్
AR,ఆర్జెంటినా
AM,ఆర్మేనియా
AX,"ఆలేండ్ దీవులు"
AT,ఆస్ట్రియా
AU,ఆస్ట్రేలియా
ID,ఇండోనేషియా
IT,ఇటలి
ET,ఇథియోపియా
IQ,ఇరాక్
IR,ఇరాన్
IL,ఇస్రాయేల్
EC,ఈక్వడోర్
EG,ఈజిప్ట్
UZ,ఉజ్బెకిస్తాన్
KP,"ఉత్తర కొరియా"
MP,"ఉత్తర మరియానా దీవులు"
UY,ఉరుగువే
GQ,"ఎక్వేటోరియాల్ గినియా"
ER,ఎరిట్రియా
SV,"ఎల్ సాల్వడోర్"
AC,"ఎసెషన్ దీవి"
EE,ఎస్టోనియా
IE,"ఐర్ లాండ్"
IM,"ఐల్ ఆఫ్ మాన్"
CI,"ఐవరీ కోస్ట్"
IS,ఐస్లాండ్
OM,ఒమాన్
QO,"ఒషేనియా బయటున్నవి"
KH,కంబోడియా
KZ,కజాఖస్తాన్
QA,కతర్
CD,"కాంగో- కిన్షాసా"
CG,"కాంగో- బ్రాజావిల్లి"
KI,కిరిబాటి
KG,కిర్జిస్తాన్
CK,"కుక్ దీవులు"
KW,కువైట్
CA,కెనడా
KE,కెన్యా
CM,కెమరూన్
IC,"కేనరీ దీవులు"
CV,"కేప్ వెర్డే"
KY,"కేమాన్ దీవులు"
KM,కొమొరోస్
CO,కొలంబియా
CC,"కోకోస్ దీవులు"
CR,కోస్టారికా
CU,క్యూబా
CX,"క్రిస్మస్ దీవి"
NC,"క్రొత్త కాలెడోనియా"
HR,క్రోయేషియా
CP,"క్లిప్పర్టన్ దీవి"
GY,గయానా
GM,గాంబియా
GN,గినియా
GW,గినియా-బిస్సావ్
GA,గేబన్
GL,గ్రీన్లేండ్
GR,గ్రీస్
GD,గ్రెనెడా
GT,గ్వాటిమాల
GP,గ్వాడేలోప్
GU,గ్వామ్
GG,గ్వేర్నసే
GH,ఘానా
DE,ఙర్మని
TD,చాద్
CL,చిలి
CZ,"చెక్ గణరాజ్యం"
CN,చైనా
HK,"చైనా యొక్క హాంగ్కాంగ్"
JP,జపాన్
JM,జమైకా
JE,జర్సి
ZM,జాంబియా
GE,జార్జియా
JO,జార్డాన్
ZW,జింబాబ్వే
DJ,జిబౌటి
GI,జిబ్రాల్టార్
TR,టర్కీ
TZ,టాంజానియా
TJ,టాజీకిస్తాన్
TL,టిమోర్-లెస్టె
TV,టువాలు
TW,టైవాన్
TO,టోంగా
TK,టోకేలావ్
TG,టోగో
TN,ట్యునీషియా
TT,"ట్రినిడేడ్ మరియు టొబాగో"
TA,"ట్రిస్టన్ డ కన్హా"
DG,"డియాగో గార్సియా"
DK,డెన్మార్క్
DO,"డొమినికన్ గణ రాజ్యం"
DM,డోమెనిక
TM,తుర్కమెస్తాన్
TC,"తుర్క్ మరియు కాలికోస్ దీవులు"
TH,"థాయ్ లాండ్"
ZA,"దక్షిణ ఆఫ్రికా రాజ్యం"
KR,"దక్షిణ కొరియా"
GS,"దక్షిణ జార్జియా మరియు దక్షిణ సాండ్విచ్ దీవులు"
NA,నమీబియా
NO,నారవే
NF,"నార్ఫాక్ దీవి"
NI,నికరాగువా
NU,నియు
NL,నేదర్లాండ్స్
AN,"నేదేర్లేండ్స్ అంటిల్లిస్"
NP,నేపాల్
NE,నైజర్
NG,నైజీరియా
NR,నౌరు
NZ,న్యుజిలేండ్
EH,"పడమటి సహారా"
PA,పనామా
PW,పలావు
PK,పాకిస్తాన్
PG,"పాపువా న్యు గినియా"
PS,"పాలిస్తినియాన్ ప్రాంతం"
PN,పిట్కెర్న్
PY,పెరగువే
PE,పెరూ
PR,పోటోరికో
PT,పోర్చుగల్
PL,పోలాండ్
FK,"ఫాక్ లేండ్ దీవులు"
FO,"ఫారో దీవులు"
FJ,ఫిజి
FI,ఫిన్లాండ్
PH,"ఫిలి పైన్స్"
FR,ఫ్రాన్స్‌
GF,"ఫ్రెంచ్ గియానా"
TF,"ఫ్రెంచ్ దక్షిణ ప్రాంతాలు"
PF,"ఫ్రెంచ్ పోలినిషియా"
BM,బర్మయుడా
BG,బల్గేరియా
BH,బహరేన్
BS,బహామాస్
BD,బాంగ్లాదేష్
BB,బార్బడోస్
BA,"బాస్నియా మరియు హీర్జిగోవినా"
BI,బురుండి
BF,"బుర్కినా ఫాసో"
BJ,బెనిన్
BY,బెలారస్
BZ,బెలీజ్
BE,బెల్జియం
BO,బొలీవియా
BV,"బొవెట్ దీవి"
BW,బోట్స్వానా
BR,బ్రజిల్
GB,బ్రిటన్
IO,"బ్రిటిష్ భారతీయ ఓషన్ ప్రాంతం"
VG,"బ్రిటిష్ వర్జిన్ దీవులు"
BN,బ్రునై
IN,"భారత దేశం"
BT,భూటాన్
MN,మంగోలియా
CF,"మధ్యమ ఆఫ్రికా రిపబ్లిక్"
MY,మలేషియా
MO,"మాకావ్ సార్ చైనా"
MG,మాడ్గాస్కార్
YT,మాయొట్టి
MU,మారిషస్
MQ,మార్టినిక్
MH,"మార్షల్ దీవులు"
MW,మాలావి
ML,మాలి
MT,మాల్టా
MV,మాల్దీవులు
MX,మెక్సికో
MK,మేసెడోనియా
FM,మైక్రోనేశియ
MZ,మొజాంబిక్
MC,మొనాకో
MA,మొరాక్కో
ME,మోంటేనేగ్రో
MS,మోంట్సేర్రాట్
MD,"మోల్ డోవ"
MR,మౌరిటేనియా
MM,మ్యాన్మార్
VI,"యు.ఎస్. వర్జిన్ దీవులు"
UA,యుక్రెన్
UG,యుగాండా
AE,"యునైటెడ్ ఆరబ్ ఎమిరేట్స్"
EU,"యురోపియన్ యునియన్"
YE,యెమెన్
RU,రష్య
RE,రియూనియన్
RO,రోమానియా
RW,ర్వాండా
LU,లక్సంబర్గ్
LV,లాట్వియ
LA,లావోస్
LI,లిక్టెస్టేన్
LT,లిథుయేనియా
LY,లిబియా
LB,లెబనాన్
LS,లెసోతో
LR,లైబీరియా
VU,వనౌటు
WF,"వాలిస్ మరియు ఫ్యుత్యునా"
VN,వియట్నాం
VE,వెనుజువేలా
VA,వేటికెన్
LK,శ్రీలంక
US,"సంయుక్త రాజ్య అమెరికా"
UM,"సంయుక్త రాజ్య అమెరికా యునైటెడ్ స్టేట్స్ మైనర్ బయట ఉన్న దీవులు"
WS,సమోవా
CS,"సర్బియా మరియు మంటెనీగ్రో"
SM,"సాన్ మారినో"
ST,"సావోటోమ్ మరియు ప్రిన్సిపే"
SG,సింగపూర్
SL,"సియెర్రా లియాన్"
SY,సిరియా
SC,సీషెల్స్
SD,సుడాన్
SR,సురినామ్
KN,"సెంట్ కిట్ట్స్ మరియు నెవిస్"
PM,"సెంట్ పియెర్ మరియు మికెలాన్"
BL,"సెంట్ బర్తేలెమీ"
MF,"సెంట్ మార్టిన్"
LC,"సెంట్ లూసియా"
VC,"సెంట్ విన్సెంట్ మరియు గ్రెనడీన్స్"
SH,"సెంట్ హెలినా"
SN,సెనెగల్
RS,సెర్బియా
CY,సైప్రస్
SO,సోమాలియా
SB,"సోలోమన్ దీవులు"
SA,"సౌదీ అరేబియా"
ES,స్పేన్
EA,"స్యూటా మరియు మెలిల్లా"
SK,స్లోవేకియా
SI,స్లోవేనియా
SZ,స్వాజీలేండ్
SJ,"స్వాల్బార్డ్ మరియు యాన్ మాయేన్"
CH,స్విట్జర్లేండ్
SE,స్వీడన్
HU,హన్గేరి
HM,"హెర్డ్ దీవి మరియు మాక్ డోనాల్డ్ దీవులు"
HT,హైటి
HN,హోండోరాస్
