UG: אוגנדה
UZ: אוזבקיסטן
AT: אוסטריה
AU: אוסטרליה
UA: אוקראינה
UY: אורוגוואי
AZ: אזרבייג׳ן
CX: 'אי חג המולד'
AE: 'איחוד האמירויות הערביות'
IT: איטליה
AX: 'איי אולנד'
BS: 'איי בהאמה'
VI: 'איי הבתולה האמריקניים'
VG: 'איי הבתולה הבריטיים'
WF: 'איי ווליס ופוטונה'
TC: 'איי טורקס וקאיקוס'
MP: 'איי מריאנה הצפוניים'
MH: 'איי מרשל'
NF: 'איי נורפוק'
SC: 'איי סיישל'
FO: 'איי פארו'
FK: 'איי פוקלנד'
PN: 'איי פיטקרן'
CK: 'איי קוק'
CC: 'איי קוקוס (קילינג)'
KY: 'איי קיימן'
SB: 'איי שלמה'
UM: 'איים לחוף ארצות הברית'
ID: אינדונזיה
IS: איסלנד
IR: איראן
IE: אירלנד
SV: 'אל סלבדור'
AL: אלבניה
DZ: אלג׳יריה
AO: אנגולה
AI: אנגילה
AD: אנדורה
AQ: אנטארקטיקה
AG: 'אנטיגואה וברבודה'
EE: אסטוניה
AF: אפגניסטן
EC: אקוודור
AR: ארגנטינה
AW: ארובה
ER: אריתריאה
AM: ארמניה
US: 'ארצות הברית'
ET: אתיופיה
BT: בהוטן
BW: בוטסוואנה
BG: בולגריה
BO: בוליביה
BA: 'בוסניה והרצגובינה'
BI: בורונדי
BF: 'בורקינה פאסו'
BH: בחריין
BY: בלארוס
BE: בלגיה
BZ: בליז
BD: בנגלדש
BJ: בנין
BB: ברבדוס
BN: ברוניי
BR: ברזיל
BM: ברמודה
GS: 'ג׳ורג׳יה הדרומית ואיי סנדוויץ׳ הדרומיים'
DJ: ג׳יבוטי
JM: ג׳מייקה
JE: ג׳רסי
GA: גאבון
GE: גאורגיה
GH: גאנה
GT: גואטמלה
GU: גואם
GP: גוואדלופ
GY: גיאנה
GF: 'גיאנה הצרפתית'
GI: גיברלטר
GN: גיניאה
GQ: 'גיניאה המשוונית'
GW: גיניאה-ביסאו
GM: גמביה
GL: גרינלנד
DE: גרמניה
GD: גרנדה
GG: גרנסי
DM: דומיניקה
DG: 'דייגו גרסיה'
DK: דנמרק
ZA: 'דרום אפריקה'
SS: 'דרום סודן'
AC: 'האי אסנשן'
IM: 'האי מאן'
HT: האיטי
MV: 'האיים המלדיביים'
IC: 'האיים הקנריים'
BQ: 'האיים הקריביים ההולנדיים'
IN: הודו
VA: הוותיקן
NL: הולנד
HK: 'הונג קונג - מחוז מנהלי מיוחד של סין'
HU: הונגריה
HN: הונדורס
GB: 'הממלכה המאוחדת'
DO: 'הרפובליקה הדומיניקנית'
CF: 'הרפובליקה של מרכז אפריקה'
PS: 'השטחים הפלסטיניים'
VN: וייטנאם
VU: ונואטו
VE: ונצואלה
ZW: זימבאבווה
ZM: זמביה
CI: 'חוף השנהב'
TJ: טג׳יקיסטן
TV: טובלו
TG: טוגו
TO: טונגה
TK: טוקלאו
TR: טורקיה
TM: טורקמניסטן
TW: טייוואן
TL: 'טימור לסטה'
TZ: טנזניה
IO: 'טריטוריה בריטית באוקיאנוס ההודי'
TF: 'טריטוריות דרומיות של צרפת'
TT: 'טרינידד וטובגו'
TA: 'טריסטן דה קונה'
GR: יוון
JP: יפן
JO: ירדן
IL: ישראל
KW: כווית
CV: 'כף ורדה'
LA: לאוס
LB: לבנון
LY: לוב
LU: לוקסמבורג
LV: לטביה
LR: ליבריה
LT: ליטא
LI: ליכטנשטיין
LS: לסוטו
MR: מאוריטניה
MU: מאוריציוס
YT: מאיוט
ML: מאלי
MG: מדגסקר
MZ: מוזמביק
MD: מולדובה
MN: מונגוליה
ME: מונטנגרו
MS: מונסראט
MC: מונקו
MM: 'מיאנמאר (בורמה)‎'
FM: מיקרונזיה
MW: מלאווי
MY: מלזיה
MT: מלטה
EG: מצרים
MO: 'מקאו - מחוז מנהלי מיוחד של סין'
MK: מקדוניה
MX: מקסיקו
MA: מרוקו
MQ: מרטיניק
NR: נאורו
'NO': נורווגיה
NG: ניגריה
NZ: 'ניו זילנד'
NU: ניווה
NE: ניז׳ר
NI: ניקרגואה
NA: נמיביה
NP: נפאל
ST: 'סאו טומה ופרינסיפה'
EA: 'סאוטה ומלייה'
EH: 'סהרה המערבית'
SD: סודן
SZ: סווזילנד
SJ: 'סוולבארד ויאן מאיין'
SO: סומליה
SY: סוריה
SR: סורינם
SL: 'סיירה לאונה'
CN: סין
SG: סינגפור
SX: 'סינט מארטן'
SI: סלובניה
SK: סלובקיה
WS: סמואה
AS: 'סמואה האמריקנית'
SM: 'סן מרינו'
SN: סנגל
BL: 'סנט ברתולומיאו'
SH: 'סנט הלנה'
VC: 'סנט וינסנט והגרנדינים'
LC: 'סנט לוסיה'
MF: 'סנט מרטין'
PM: 'סנט פייר ומיקלון'
KN: 'סנט קיטס ונוויס'
ES: ספרד
RS: סרביה
LK: 'סרי לנקה'
OM: עומאן
IQ: עיראק
SA: 'ערב הסעודית'
PW: פאלאו
PL: פולין
PF: 'פולינזיה הצרפתית'
PR: 'פורטו ריקו'
PT: פורטוגל
FJ: פיג׳י
PH: פיליפינים
FI: פינלנד
PA: פנמה
PG: 'פפואה גיניאה החדשה'
PK: פקיסטן
PY: פרגוואי
PE: פרו
TD: צ׳אד
CL: צ׳ילה
CZ: צ׳כיה
FR: צרפת
CU: קובה
CO: קולומביה
KM: קומורוס
CG: 'קונגו - ברזאויל'
CD: 'קונגו - קינשאסה'
XK: קוסובו
CR: 'קוסטה ריקה'
CW: קוראסאו
KR: 'קוריאה הדרומית'
KP: 'קוריאה הצפונית'
KZ: קזחסטן
QA: קטאר
KG: קירגיזסטן
KI: קיריבאטי
NC: 'קלדוניה החדשה'
KH: קמבודיה
CM: קמרון
CA: קנדה
KE: קניה
CY: קפריסין
HR: קרואטיה
RE: ראוניון
RW: רואנדה
RO: רומניה
RU: רוסיה
SE: שוודיה
CH: שווייץ
TH: תאילנד
TN: תוניסיה
YE: תימן
