iso,name
AT,অস্ট্রিয়া
AU,অস্ট্রেলিয়া
AC,"অ্যাসসেনশন আইল্যান্ড"
CI,"আইভরি কোস্ট"
IS,আইসলণ্ড
QO,"আউটলাইনিং ওসানিয়া"
AZ,আজারবাইজান
AF,আফগানিস্তান
AS,"আমেরিকান সামোয়া"
IE,আয়ার্লণ্ড
AW,আরুবা
AR,আর্জেণ্টাইনা
AM,আর্মেনিয়া
AL,আলব্যানিয়া
AX,"আলান্ড দ্বীপপুঞ্জ"
UA,ইউক্রেইন
EU,"ইউরোপীয় ইউনিয়ন"
EC,ইকুয়েডর
IT,ইতালী
ID,ইন্দোনেশিয়া
ET,ইফিওপিয়া
YE,ইমেন
IQ,ইরাক
IR,ইরান
ER,ইরিত্রিয়া
IL,ইস্রায়েল
UG,উগান্ডা
UZ,উজ্বেকিস্থান
KP,"উত্তর কোরিয়া"
MP,"উত্তরাঞ্চলীয় মারিয়ানা দ্বীপপুঞ্জ"
UY,উরুগোয়ে
AQ,এন্টার্কটিকা
AG,"এন্টিগুয়া ও বারবুডা"
SV,"এল সালভেদর"
DZ,এলজিরিয়া
EE,এস্তোনিয়া
AI,এ্যাঙ্গুইলা
AO,এ্যাঙ্গোলা
AD,এ্যান্ডোরা
OM,ওমান
WF,"ওয়ালিস ও ফুটুনা"
CG,কঙ্গো
CD,"কঙ্গো - কিনসাসা"
KM,কমোরোস
KZ,কাজাকস্থান
QA,কাতার
CA,কানাডা
KH,কাম্বোজ
CU,কিউবা
KI,কিরিবাতি
KG,কির্গিজিয়া
EA,"কুউটা এবং মেলিলা"
CK,"কুক দ্বীপপুঞ্জ"
KW,কুয়েত
KE,কেনিয়া
CV,কেপভার্দে
KY,"কেম্যান দ্বীপপুঞ্জ"
CC,"কোকোস দ্বীপপুঞ্জ"
CO,কোলোম্বিয়া
CR,কোস্টারিকা
IC,"ক্যানারি দ্বীপপুঞ্জ"
CM,ক্যামেরুন
CX,"ক্রিসমাস দ্বীপ"
HR,ক্রোয়েশিয়া
CP,"ক্লিপারটন আইল্যান্ড"
GM,গাম্বিয়া
GN,গিনি
GW,গিনি-বিসাউ
GY,গিয়ানা
GP,গুয়াদেলৌপ
GU,গুয়াম
GT,গোয়াটিমালা
GA,গ্যাবন
GG,গ্রাঞ্জি
GL,গ্রীনল্যান্ড
GR,গ্রীস্
GB,গ্রেটবৃটেন
GD,গ্রেনাডা
GH,ঘানা
TD,চাদ
CL,চিলি
CN,চীন
CZ,"চেক প্রজাতন্ত্র"
GE,জর্জিয়া
JO,জর্ডন
JP,জাপান
ZM,জাম্বিয়া
DE,জার্মানি
JE,জার্সি
DJ,জিবুতি
GI,জিব্রাল্টার
ZW,জিম্বাবুয়ে
JM,জ্যামেকা
TN,টিউনিস্
TV,টুভালু
TK,টোকেলাউ
TG,টোগো
TO,টোঙ্গা
TA,"ট্রিস্টান ডা কুনা"
DK,ডেনমার্ক
DM,ডোমিনিকা
DO,"ডোমেনিকান প্রজাতন্ত্র"
TW,তাইওয়ান
TJ,তাজিকস্থান
TZ,তাঞ্জানিয়া
TR,তুরস্ক
TM,তুর্কমেনিয়া
TC,"তুর্কস ও কাইকোস দ্বীপপুঞ্জ"
TT,"ত্রিনিনাদ ও টোব্যাগো"
TH,থাই
ZA,"দক্ষিণ আফ্রিকা"
KR,"দক্ষিণ কোরিয়া"
GS,"দক্ষিণ জর্জিয়া ও দক্ষিণ স্যান্ডউইচ দ্বীপপুঞ"
DG,"দিয়েগো গার্সিয়া"
NO,নরওয়ে
NE,নাইজার
NG,নাইজেরিয়া
NR,নাউরু
NA,নামিবিয়া
NC,"নিউ ক্যালেডোনিয়া"
NZ,"নিউ জিলণ্ড"
NU,নিউয়ে
NI,নিকারাগুয়া
GQ,"নিরক্ষীয় গিনি"
NF,"নিরফোক দ্বীপ"
AN,"নেদারল্যান্ডস এ্যান্টিলিস"
NP,নেপাল
PT,পর্তুগাল
EH,"পশ্চিমী সাহারা"
PK,পাকিস্তান
PA,পানামা
PG,"পাপুয়া নিউ গিনি"
PW,পালাউ
PN,পিটকেয়ার্ন
PE,পিরু
PR,পুয়ের্টোরিকো
TL,পূর্ব-তিমুর
PL,পোল্যাণ্ড
PY,প্যারাগোয়ে
FK,"ফকল্যান্ড দ্বীপপুঞ্জ"
GF,"ফরাসী গায়ানা"
TF,"ফরাসী দক্ষিণাঞ্চল"
PF,"ফরাসী পলিনেশিয়া"
FJ,ফিজি
FI,ফিন্ল্যাণ্ড
PH,ফিলিপাইন
PS,"ফিলিস্তিন অঞ্চল"
FO,"ফ্যারও দ্বীপপুঞ্জ"
FR,ফ্রান্স
BW,বতসোয়ানা
BA,"বসনিয়া ও হার্জেগোভিনা"
BD,বাংলাদেশ
BB,বারবাদোস
BM,বারমুডা
BH,বাহরাইন
BS,"বাহামা দ্বীপপুঞ্জ"
BF,"বুরকিনা ফাসো"
BI,বুরুন্ডি
BG,বুলগেরিয়া
BJ,বেনিন
BE,বেলজিয়াম
BZ,বেলিয
BY,বেলোরুশিয়া
BV,"বোভেট দ্বীপ"
BO,বোলিভিয়া
BR,ব্রাজিল
IO,"ব্রিটিশ ভারত মহাসাগরীয় অঞ্চল"
VG,"ব্রিটিশ ভার্জিন দ্বীপপুঞ্জ"
BN,ব্রুনেই
VU,ভানুয়াটু
IN,ভারত
VN,ভিয়েতনাম
BT,ভুটান
VE,ভেনেজুয়েলা
VA,"ভ্যাটিকান সিটি"
MX,মক্সিকো
MN,মঙ্গোলিয়া
CF,"মধ্য আফ্রিকান প্রজাতন্ত্র"
MS,মন্টসেরাট
ME,মন্টিনিগ্রো
MR,মরিতানিয়া
MU,মরিশাস
FM,মাইক্রোনেশিয়া
MG,মাদাগাস্কার
MM,মায়ানমার
YT,মায়োত্তে
VI,"মার্কিন ভার্জিন দ্বীপপুঞ্জ"
US,"মার্কিন যুক্তরাষ্ট্র"
MQ,মার্টিনিক
MH,"মার্শাল দ্বীপপুঞ্জ"
MV,মালদ্বীপ
MW,মালাউই
ML,মালি
MT,মাল্টা
MY,মাল্যাশিয়া
EG,মিশর
MZ,মোজাম্বিক
MC,মোনাকো
MA,মোরক্কো
MD,মোল্দাভিয়া
MO,"ম্যাকাও এসএআর চীনা"
IM,ম্যানদ্বীপ
MK,ম্যাসাডোনিয়া
UM,"যুক্তরাষ্ট্রের ক্ষুদ্র ও পার্শ্ববর্তী দ্বীপপুঞ্জ"
RU,রাশিয়া
RE,রিইউনিয়ন
RO,রুমানিয়া
RW,রুয়ান্ডা
LR,লাইবেরিয়া
LA,লাওস
LU,লাক্সেমবার্গ
LV,লাত্ভিয়া
LI,লিচেনস্টেইন
LT,লিত্ভা
LY,লিবিয়া
LB,লেবানন
LS,লেসোথো
LK,শ্রীলঙ্কা
SK,শ্লোভাকিয়া
AE,"সংযুক্ত আরব আমিরাত"
SB,"সলোমন দ্বীপপুঞ্জ"
CY,সাইপ্রাস
SA,"সাউদি আরব"
ST,"সাওটোমা ও প্রিন্সিপি"
SM,"সান মারিনো"
WS,সামোয়া
RS,সারবিয়া
CS,"সারবিয়ান এবং মন্টেনিগ্রো"
SG,সিঙ্গাপুর
SL,সিয়েরালিওন
SY,সিরিয়া
SC,সিসিলি
CH,সুইজর্লণ্ড
SE,সুইডেন
SD,সুদান
SR,সুরিনাম
SN,সেনেগাল
KN,"সেন্ট কিটস ও নেভিস"
PM,"সেন্ট পিয়ের ও মিকুয়েলন"
BL,"সেন্ট বারথেলিমি"
VC,"সেন্ট ভিনসেন্ট ও দ্যা গ্রেনাডিনস"
MF,"সেন্ট মার্টিন"
LC,"সেন্ট লুসিয়া"
SH,"সেন্ট হেলেনা"
SO,সোমালি
SZ,সোয়াজিল্যান্ড
ES,স্পেন
SJ,"স্বালবার্ড ও জান মেয়েন"
SI,স্লোভানিয়া
HK,"হংকং এসএআর চীনা"
HN,হণ্ডুরাস
NL,হলণ্ড
HT,হাইতি
HU,হাঙ্গেরি
HM,"হার্ড দ্বীপ এবং ম্যাকডোনাল্ড দ্বীপপুঞ্জ"
